"eh";"secretaria";"departamentos";"divisoes_assessorias";"sigla";"tipo";"situacao"
"370000000000000";"SECRETARIA MUNICIPAL DE URBANISMO E LICENCIAMENTO";"SECRETARIA MUNICIPAL DE URBANISMO E LICENCIAMENTO";"SECRETARIA MUNICIPAL DE URBANISMO E LICENCIAMENTO";"SMUL";"PAI";"ATIVO"
"370000000000000";"SECRETARIA MUNICIPAL DE DESENVOLVIMENTO URBANO";"SECRETARIA MUNICIPAL DE DESENVOLVIMENTO URBANO";"SECRETARIA MUNICIPAL DE DESENVOLVIMENTO URBANO";"SMDU";"OUTROS";"ATIVO"
"370205010000000";"SECRETARIA MUNICIPAL DE URBANISMO E LICENCIAMENTO";"SUPERVISAO GERAL DE ADMINISTRACAO E FINANCAS";"GABINETE DO SUPERVISOR";"SGAF.G";"FILHO";"ATIVO"
"370205050000000";"SECRETARIA MUNICIPAL DE URBANISMO E LICENCIAMENTO";"SUPERVISAO GERAL DE ADMINISTRACAO E FINANCAS";"SUPERVISAO DE ADMINISTRACAO";"SGAF-4";"FILHO";"ATIVO"
"370205040000000";"SECRETARIA MUNICIPAL DE URBANISMO E LICENCIAMENTO";"SUPERVISAO GERAL DE ADMINISTRACAO E FINANCAS";"SUPERVISAO DE PROCESSOS E DOCUMENTOS";"SGAF-3";"FILHO";"ATIVO"
"370205030000000";"SECRETARIA MUNICIPAL DE URBANISMO E LICENCIAMENTO";"SUPERVISAO GERAL DE ADMINISTRACAO E FINANCAS";"SUPERVISAO DE GESTAO DE PESSOAS";"SGAF-2";"FILHO";"ATIVO"
"370205020000000";"SECRETARIA MUNICIPAL DE URBANISMO E LICENCIAMENTO";"SUPERVISAO GERAL DE ADMINISTRACAO E FINANCAS";"SUPERVISAO DE EXECUCAO ORCAMENTARIA E FINANCEIRA";"SGAF-1";"FILHO";"ATIVO"
"370205000000000";"SECRETARIA MUNICIPAL DE URBANISMO E LICENCIAMENTO";"SUPERVISAO GERAL DE ADMINISTRACAO E FINANCAS";"SUPERVISAO GERAL DE ADMINISTRACAO E FINANCAS";"SGAF";"PAI";"ATIVO"
"370403010000000";"SECRETARIA MUNICIPAL DE URBANISMO E LICENCIAMENTO";"COORDENADORIA DE EDIFICACAO DE SERVICOS E USO INSTITUCIONAL - SERVIN";"DIVISAO DE SERVICOS E USO INSTITUCIONAL DE PEQUENO E MEDIO PORTE - DSIMP";"SERVIN/DSIMP";"FILHO";"ATIVO"
"370403020000000";"SECRETARIA MUNICIPAL DE URBANISMO E LICENCIAMENTO";"COORDENADORIA DE EDIFICACAO DE SERVICOS E USO INSTITUCIONAL - SERVIN";"DIVISAO DE SERVICOS E USO INSTITUCIONAL DE GRANDE PORTE - DSIGP";"SERVIN/DSIGP";"FILHO";"ATIVO"
"370230020000000";"SECRETARIA MUNICIPAL DE URBANISMO E LICENCIAMENTO";"COORD EDIFICACAO DE SERVICOS E USO INSTITUCIONAL";"SECAO TECNICA DE PROGRAMACAO DE VISTORIA";"SERVIN.STPV";"FILHO";"ATIVO"
"370230010000000";"SECRETARIA MUNICIPAL DE URBANISMO E LICENCIAMENTO";"COORD EDIFICACAO DE SERVICOS E USO INSTITUCIONAL";"GABINETE DO COORDENADOR";"SERVIN.G";"FILHO";"ATIVO"
"370230050020000";"SECRETARIA MUNICIPAL DE URBANISMO E LICENCIAMENTO";"COORD EDIFICACAO DE SERVICOS E USO INSTITUCIONAL";"SEC TEC EDIF DE USO INSTITUCIONAL DE GRANDE PORTE";"SERVIN.32";"FILHO";"ATIVO"
"370230050010000";"SECRETARIA MUNICIPAL DE URBANISMO E LICENCIAMENTO";"COORD EDIFICACAO DE SERVICOS E USO INSTITUCIONAL";"SECAO TECNICA DE SERVICOS DE GRANDE PORTE";"SERVIN.31";"FILHO";"ATIVO"
"370230050000000";"SECRETARIA MUNICIPAL DE URBANISMO E LICENCIAMENTO";"COORD EDIFICACAO DE SERVICOS E USO INSTITUCIONAL";"DIV TEC EDIF SERV USO INSTITUCIONAL GRANDE PORTE";"SERVIN.3";"FILHO";"ATIVO"
"370230040020000";"SECRETARIA MUNICIPAL DE URBANISMO E LICENCIAMENTO";"COORD EDIFICACAO DE SERVICOS E USO INSTITUCIONAL";"SECAO TECNICA DE EDIFICACAO DE USO INSTITUCIONAL";"SERVIN.22";"FILHO";"ATIVO"
"370230040010000";"SECRETARIA MUNICIPAL DE URBANISMO E LICENCIAMENTO";"COORD EDIFICACAO DE SERVICOS E USO INSTITUCIONAL";"SECAO TECNICA DE EDIFICACAO DE USO EDUCACIONAL";"SERVIN.21";"FILHO";"ATIVO"
"370230040000000";"SECRETARIA MUNICIPAL DE URBANISMO E LICENCIAMENTO";"COORD EDIFICACAO DE SERVICOS E USO INSTITUCIONAL";"DIVISAO TECNICA DE EDIFICACAO DE USO INSTITUCIONAL";"SERVIN.2";"FILHO";"ATIVO"
"370230030020000";"SECRETARIA MUNICIPAL DE URBANISMO E LICENCIAMENTO";"COORD EDIFICACAO DE SERVICOS E USO INSTITUCIONAL";"SECAO TECNICA DE EDIFICACAO DE SERVICOS";"SERVIN.12";"FILHO";"ATIVO"
"370230030010000";"SECRETARIA MUNICIPAL DE URBANISMO E LICENCIAMENTO";"COORD EDIFICACAO DE SERVICOS E USO INSTITUCIONAL";"SECAO TECNICA DE EDIFICACAO DE ESCRITORIO";"SERVIN.11";"FILHO";"ATIVO"
"370230030000000";"SECRETARIA MUNICIPAL DE URBANISMO E LICENCIAMENTO";"COORD EDIFICACAO DE SERVICOS E USO INSTITUCIONAL";"DIVISAO TECNICA DE EDIFICACAO DE SERVICOS";"SERVIN.1";"FILHO";"ATIVO"
"370403000000000";"SECRETARIA MUNICIPAL DE URBANISMO E LICENCIAMENTO";"SECRETARIA EXECUTIVA DE LICENCIAMENTO";"COORDENADORIA DE EDIFICACAO DE SERVICOS E USO INSTITUCIONAL";"SERVIN";"PAI";"ATIVO"
"370405040000000";"SECRETARIA MUNICIPAL DE URBANISMO E LICENCIAMENTO";"COORDENADORIA DE ATIVIDADE ESPECIAL E SEGURANCA DE USO - SEGUR";"DIVISAO DE MANUTENCAO DE INSTALACOES DE SEGURANCA - DMIS";"SEGUR/DMIS";"FILHO";"ATIVO"
"370405030000000";"SECRETARIA MUNICIPAL DE URBANISMO E LICENCIAMENTO";"COORDENADORIA DE ATIVIDADE ESPECIAL E SEGURANCA DE USO - SEGUR";"DIVISAO DE LOCAL DE REUNIAO - DLR";"SEGUR/DLR";"FILHO";"ATIVO"
"370405010000000";"SECRETARIA MUNICIPAL DE URBANISMO E LICENCIAMENTO";"COORDENADORIA DE ATIVIDADE ESPECIAL E SEGURANCA DE USO - SEGUR";"DIVISAO DE ATIVIDADE ESPECIAL - DAE";"SEGUR/DAE";"FILHO";"ATIVO"
"370405020000000";"SECRETARIA MUNICIPAL DE URBANISMO E LICENCIAMENTO";"COORDENADORIA DE ATIVIDADE ESPECIAL E SEGURANCA DE USO - SEGUR";"DIVISAO DE ADAPTACAO A ACESSIBILIDADE E SEGURANCA DE USO - DACESS";"SEGUR/DACESS";"FILHO";"ATIVO"
"370260020000000";"SECRETARIA MUNICIPAL DE URBANISMO E LICENCIAMENTO";"COORD DE ATIVIDADE ESPECIAL E SEGURANCA DE USO";"SECAO TECNICA DE PROGRAMACAO DE VISTORIA";"SEGUR.STPV";"FILHO";"ATIVO"
"370260010000000";"SECRETARIA MUNICIPAL DE URBANISMO E LICENCIAMENTO";"COORD DE ATIVIDADE ESPECIAL E SEGURANCA DE USO";"GABINETE DO COORDENADOR";"SEGUR.G";"FILHO";"ATIVO"
"370260060020000";"SECRETARIA MUNICIPAL DE URBANISMO E LICENCIAMENTO";"COORD DE ATIVIDADE ESPECIAL E SEGURANCA DE USO";"SEC TEC DE SISTEMA DE SEGURANCA E EQUIPAMENTO";"SEGUR.42";"FILHO";"ATIVO"
"370260060010000";"SECRETARIA MUNICIPAL DE URBANISMO E LICENCIAMENTO";"COORD DE ATIVIDADE ESPECIAL E SEGURANCA DE USO";"SECAO TECNICA DE TANQUE E RESERVATORIO";"SEGUR.41";"FILHO";"ATIVO"
"370260060000000";"SECRETARIA MUNICIPAL DE URBANISMO E LICENCIAMENTO";"COORD DE ATIVIDADE ESPECIAL E SEGURANCA DE USO";"DIV TEC DE MANUTENCAO DE INSTALACOES DE SEG";"SEGUR.4";"FILHO";"ATIVO"
"370260050020000";"SECRETARIA MUNICIPAL DE URBANISMO E LICENCIAMENTO";"COORD DE ATIVIDADE ESPECIAL E SEGURANCA DE USO";"SECAO TECNICA DE LICENCIAMENTO DE EVENTO";"SEGUR.32";"FILHO";"ATIVO"
"370260050010000";"SECRETARIA MUNICIPAL DE URBANISMO E LICENCIAMENTO";"COORD DE ATIVIDADE ESPECIAL E SEGURANCA DE USO";"SEC TEC DE ALVARA FUNCIONAMENTO E LOCAL DE REUNIAO";"SEGUR.31";"FILHO";"ATIVO"
"370260050000000";"SECRETARIA MUNICIPAL DE URBANISMO E LICENCIAMENTO";"COORD DE ATIVIDADE ESPECIAL E SEGURANCA DE USO";"DIVISAO TECNICA DE LOCAL DE REUNIAO";"SEGUR.3";"FILHO";"ATIVO"
"370260040030000";"SECRETARIA MUNICIPAL DE URBANISMO E LICENCIAMENTO";"COORD DE ATIVIDADE ESPECIAL E SEGURANCA DE USO";"SEC TEC SEG DE USO EM EDIFICACAO DE USO COM E IND";"SEGUR.23";"FILHO";"ATIVO"
"370260040020000";"SECRETARIA MUNICIPAL DE URBANISMO E LICENCIAMENTO";"COORD DE ATIVIDADE ESPECIAL E SEGURANCA DE USO";"SEC TEC SEG DE USO EM EDIFICACAO DE SERV USO INST";"SEGUR.22";"FILHO";"ATIVO"
"370260040010000";"SECRETARIA MUNICIPAL DE URBANISMO E LICENCIAMENTO";"COORD DE ATIVIDADE ESPECIAL E SEGURANCA DE USO";"SECAO TECNICA DE ACESSIBILIDADE DE EDIFICACAO";"SEGUR.21";"FILHO";"ATIVO"
"370260040000000";"SECRETARIA MUNICIPAL DE URBANISMO E LICENCIAMENTO";"COORD DE ATIVIDADE ESPECIAL E SEGURANCA DE USO";"DIV TEC DE ADAPTACAO A ACESSIBILIDADE E SEG DE USO";"SEGUR.2";"FILHO";"ATIVO"
"370260030020000";"SECRETARIA MUNICIPAL DE URBANISMO E LICENCIAMENTO";"COORD DE ATIVIDADE ESPECIAL E SEGURANCA DE USO";"SECAO TECNICA DE USO ESPECIAL";"SEGUR.12";"FILHO";"ATIVO"
"370260030010000";"SECRETARIA MUNICIPAL DE URBANISMO E LICENCIAMENTO";"COORD DE ATIVIDADE ESPECIAL E SEGURANCA DE USO";"SECAO TECNICA DE ATIVIDADE INCOMODA";"SEGUR.11";"FILHO";"ATIVO"
"370260030000000";"SECRETARIA MUNICIPAL DE URBANISMO E LICENCIAMENTO";"COORD DE ATIVIDADE ESPECIAL E SEGURANCA DE USO";"DIVISAO TECNICA DE ATIVIDADE ESPECIAL";"SEGUR.1";"FILHO";"ATIVO"
"370405000000000";"SECRETARIA MUNICIPAL DE URBANISMO E LICENCIAMENTO";"SECRETARIA EXECUTIVA DE LICENCIAMENTO";"COORDENADORIA DE ATIVIDADE ESPECIAL E SEGURANCA DE USO";"SEGUR";"PAI";"ATIVO"
"370300000000000";"SECRETARIA MUNICIPAL DE URBANISMO E LICENCIAMENTO";"SECRETARIA MUNICIPAL DE URBANISMO E LICENCIAMENTO - SMUL";"SECRETARIA EXECUTIVA DE URBANISMO";"SEC EX URB";"PAI";"ATIVO"
"370400000000000";"SECRETARIA MUNICIPAL DE URBANISMO E LICENCIAMENTO";"SECRETARIA MUNICIPAL DE URBANISMO E LICENCIAMENTO - SMUL";"SECRETARIA EXECUTIVA DE LICENCIAMENTO";"SEC EX LIC";"PAI";"ATIVO"
"370401010000000";"SECRETARIA MUNICIPAL DE URBANISMO E LICENCIAMENTO";"COORDENADORIA DE EDIFICACAO DE USO RESIDENCIAL - RESID";"DIVISAO DE USO RESIDENCIAL DE PEQUENO E MEDIO PORTE - DRPM";"RESID/DRPM";"FILHO";"ATIVO"
"370401020000000";"SECRETARIA MUNICIPAL DE URBANISMO E LICENCIAMENTO";"COORDENADORIA DE EDIFICACAO DE USO RESIDENCIAL - RESID";"DIVISAO DE USO RESIDENCIAL DE GRANDE PORTE - DRGP";"RESID/DRGP";"FILHO";"ATIVO"
"370220020000000";"SECRETARIA MUNICIPAL DE URBANISMO E LICENCIAMENTO";"COORDENADORIA DE EDIFICACAO DE USO RESIDENCIAL";"SECAO TECNICA DE PROGRAMACAO DE VISTORIA";"RESID.STPV";"FILHO";"ATIVO"
"370220010000000";"SECRETARIA MUNICIPAL DE URBANISMO E LICENCIAMENTO";"COORDENADORIA DE EDIFICACAO DE USO RESIDENCIAL";"GABINETE DO COORDENADOR";"RESID.G";"FILHO";"ATIVO"
"370220050020000";"SECRETARIA MUNICIPAL DE URBANISMO E LICENCIAMENTO";"COORDENADORIA DE EDIFICACAO DE USO RESIDENCIAL";"SEC TEC CJ RESIDENCIAL VERTICAL GRANDE PORTE";"RESID.32";"FILHO";"ATIVO"
"370220050010000";"SECRETARIA MUNICIPAL DE URBANISMO E LICENCIAMENTO";"COORDENADORIA DE EDIFICACAO DE USO RESIDENCIAL";"SEC TEC DE CJ RESIDENCIAL HORIZONTAL GRANDE PORTE";"RESID.31";"FILHO";"ATIVO"
"370220050000000";"SECRETARIA MUNICIPAL DE URBANISMO E LICENCIAMENTO";"COORDENADORIA DE EDIFICACAO DE USO RESIDENCIAL";"DIV TEC DE CONJUNTO RESIDENCIAL DE GRANDE PORTE";"RESID.3";"FILHO";"ATIVO"
"370220040020000";"SECRETARIA MUNICIPAL DE URBANISMO E LICENCIAMENTO";"COORDENADORIA DE EDIFICACAO DE USO RESIDENCIAL";"SECAO TECNICA DE CONJUNTO RESIDENCIAL VERTICAL";"RESID.22";"FILHO";"ATIVO"
"370220040010000";"SECRETARIA MUNICIPAL DE URBANISMO E LICENCIAMENTO";"COORDENADORIA DE EDIFICACAO DE USO RESIDENCIAL";"SECAO TECNICA DE PREDIO RESIDENCIAL";"RESID.21";"FILHO";"ATIVO"
"370220040000000";"SECRETARIA MUNICIPAL DE URBANISMO E LICENCIAMENTO";"COORDENADORIA DE EDIFICACAO DE USO RESIDENCIAL";"DIV TEC DE EDIFICACAO DE USO RESIDENCIAL VERTICAL";"RESID.2";"FILHO";"ATIVO"
"370220030020000";"SECRETARIA MUNICIPAL DE URBANISMO E LICENCIAMENTO";"COORDENADORIA DE EDIFICACAO DE USO RESIDENCIAL";"SECAO TECNICA DE CONJUNTO RESIDENCIAL HORIZONTAL";"RESID.12";"FILHO";"ATIVO"
"370220030010000";"SECRETARIA MUNICIPAL DE URBANISMO E LICENCIAMENTO";"COORDENADORIA DE EDIFICACAO DE USO RESIDENCIAL";"SECAO TECNICA DE CONJUNTO VILA";"RESID.11";"FILHO";"ATIVO"
"370220030000000";"SECRETARIA MUNICIPAL DE URBANISMO E LICENCIAMENTO";"COORDENADORIA DE EDIFICACAO DE USO RESIDENCIAL";"DIV TEC EDIFICACAO DE USO RESIDENCIAL HORIZONTAL";"RESID.1";"FILHO";"ATIVO"
"370401000000000";"SECRETARIA MUNICIPAL DE URBANISMO E LICENCIAMENTO";"SECRETARIA EXECUTIVA DE LICENCIAMENTO";"COORDENADORIA DE EDIFICACAO DE USO RESIDENCIAL";"RESID";"PAI";"ATIVO"
"370301010000000";"SECRETARIA MUNICIPAL DE URBANISMO E LICENCIAMENTO";"COORDENADORIA DE PLANEJAMENTO URBANO - PLANURBE";"DIVISAO DE ORDENAMENTO TERRITORIAL - DOT";"PLANURBE/DOT";"FILHO";"ATIVO"
"370301020000000";"SECRETARIA MUNICIPAL DE URBANISMO E LICENCIAMENTO";"COORDENADORIA DE PLANEJAMENTO URBANO - PLANURBE";"DIVISAO DE MONITORAMENTO E AVALIACAO - DMA";"PLANURBE/DMA";"FILHO";"ATIVO"
"370301030000000";"SECRETARIA MUNICIPAL DE URBANISMO E LICENCIAMENTO";"COORDENADORIA DE PLANEJAMENTO URBANO - PLANURBE";"DIVISAO DE ARTICULACAO INTERSETORIAL - DART";"PLANURBE/DART";"FILHO";"ATIVO"
"370301000000000";"SECRETARIA MUNICIPAL DE URBANISMO E LICENCIAMENTO";"SECRETARIA EXECUTIVA DE URBANISMO";"COORDENADORIA DE PLANEJAMENTO URBANO - PLANURBE";"PLANURBE";"PAI";"ATIVO"
"370404030000000";"SECRETARIA MUNICIPAL DE URBANISMO E LICENCIAMENTO";"COORDENADORIA DE PARCELAMENTO DO SOLO E DE HABITACAO DE INTERESSE SOCIAL - PARHIS";"DIVISAO DE PARCELAMENTO DO SOLO - DPS";"PARHIS/DPS";"FILHO";"ATIVO"
"370404020000000";"SECRETARIA MUNICIPAL DE URBANISMO E LICENCIAMENTO";"COORDENADORIA DE PARCELAMENTO DO SOLO E DE HABITACAO DE INTERESSE SOCIAL - PARHIS";"DIVISAO DE HABITACAO DE MERCADO POPULAR - DHMP";"PARHIS/DHMP";"FILHO";"ATIVO"
"370404010000000";"SECRETARIA MUNICIPAL DE URBANISMO E LICENCIAMENTO";"COORDENADORIA DE PARCELAMENTO DO SOLO E DE HABITACAO DE INTERESSE SOCIAL - PARHIS";"DIVISAO DE HABITACAO DE INTERESSE SOCIAL - DHIS";"PARHIS/DHIS";"FILHO";"ATIVO"
"370250010000000";"SECRETARIA MUNICIPAL DE URBANISMO E LICENCIAMENTO";"COORD DE PARC DO SOLO E DE HAB DE INTERESSE SOCIAL";"GABINETE DO COORDENADOR";"PARHIS.G";"FILHO";"ATIVO"
"370250060020000";"SECRETARIA MUNICIPAL DE URBANISMO E LICENCIAMENTO";"COORD DE PARC DO SOLO E DE HAB DE INTERESSE SOCIAL";"SECAO TECNICA DE OFICIALIZACAO DE LOGRADOUROS";"PARHIS.42";"FILHO";"ATIVO"
"370250060010000";"SECRETARIA MUNICIPAL DE URBANISMO E LICENCIAMENTO";"COORD DE PARC DO SOLO E DE HAB DE INTERESSE SOCIAL";"SECAO TECNICA DE ACOMPANHAMENTO E ACEITACAO";"PARHIS.41";"FILHO";"ATIVO"
"370250060000000";"SECRETARIA MUNICIPAL DE URBANISMO E LICENCIAMENTO";"COORD DE PARC DO SOLO E DE HAB DE INTERESSE SOCIAL";"DIV TEC DE ACEITACAO DE PARCELAMENTO DO SOLO";"PARHIS.4";"FILHO";"ATIVO"
"370250050020000";"SECRETARIA MUNICIPAL DE URBANISMO E LICENCIAMENTO";"COORD DE PARC DO SOLO E DE HAB DE INTERESSE SOCIAL";"SECAO TECNICA DE PARCELAMENTO DO SOLO";"PARHIS.32";"FILHO";"ATIVO"
"370250050010000";"SECRETARIA MUNICIPAL DE URBANISMO E LICENCIAMENTO";"COORD DE PARC DO SOLO E DE HAB DE INTERESSE SOCIAL";"SECAO TECNICA DE DIRETRIZES";"PARHIS.31";"FILHO";"ATIVO"
"370250050000000";"SECRETARIA MUNICIPAL DE URBANISMO E LICENCIAMENTO";"COORD DE PARC DO SOLO E DE HAB DE INTERESSE SOCIAL";"DIV TEC DE DIRETRIZES E DE PARCELAMENTO DO SOLO";"PARHIS.3";"FILHO";"ATIVO"
"370250040020000";"SECRETARIA MUNICIPAL DE URBANISMO E LICENCIAMENTO";"COORD DE PARC DO SOLO E DE HAB DE INTERESSE SOCIAL";"SEC TEC CONJUNTO HABITACIONAL DE MERCADO POPULAR";"PARHIS.22";"FILHO";"ATIVO"
"370250040010000";"SECRETARIA MUNICIPAL DE URBANISMO E LICENCIAMENTO";"COORD DE PARC DO SOLO E DE HAB DE INTERESSE SOCIAL";"SECAO TECNICA DE HABITACAO DE MERCADO POPULAR";"PARHIS.21";"FILHO";"ATIVO"
"370250040000000";"SECRETARIA MUNICIPAL DE URBANISMO E LICENCIAMENTO";"COORD DE PARC DO SOLO E DE HAB DE INTERESSE SOCIAL";"DIVISAO TECNICA DE HABITACAO DE MERCADO POPULAR";"PARHIS.2";"FILHO";"ATIVO"
"370250030020000";"SECRETARIA MUNICIPAL DE URBANISMO E LICENCIAMENTO";"COORD DE PARC DO SOLO E DE HAB DE INTERESSE SOCIAL";"SEC TEC CONJUNTO HABITACIONAL DE INTERESSE SOCIAL";"PARHIS.12";"FILHO";"ATIVO"
"370250030010000";"SECRETARIA MUNICIPAL DE URBANISMO E LICENCIAMENTO";"COORD DE PARC DO SOLO E DE HAB DE INTERESSE SOCIAL";"SECAO TECNICA DE HABITACAO DE INTERESSE SOCIAL";"PARHIS.11";"FILHO";"ATIVO"
"370250030000000";"SECRETARIA MUNICIPAL DE URBANISMO E LICENCIAMENTO";"COORD DE PARC DO SOLO E DE HAB DE INTERESSE SOCIAL";"DIVISAO TECNICA DE HABITACAO DE INTERESSE SOCIAL";"PARHIS.1";"FILHO";"ATIVO"
"370250020000000";"SECRETARIA MUNICIPAL DE URBANISMO E LICENCIAMENTO";"COORD DE PARC DO SOLO E DE HAB DE INTERESSE SOCIAL";"SECAO TECNICA DE PROGRAMACAO DE VISTORIA";"PARHIS..STPV";"FILHO";"ATIVO"
"370404000000000";"SECRETARIA MUNICIPAL DE URBANISMO E LICENCIAMENTO";"SECRETARIA EXECUTIVA DE LICENCIAMENTO";"COORDENADORIA DE PARCELAMENTO DO SOLO E DE HABITACAO DE INTERESSE SOCIAL";"PARHIS";"PAI";"ATIVO"
"0";"NÃO DEFINIDO";"NÃO DEFINIDO";"NÃO DEFINIDO";"NÃO DEFINIDO";"NÃO DEFINIDO";"NÃO DEFINIDO"
"370204010000000";"SECRETARIA MUNICIPAL DE URBANISMO E LICENCIAMENTO";"SUPERVISAO GERAL DE INFORMACAO";"GABINETE DO SUPERVISOR";"INFO.G";"FILHO";"ATIVO"
"370204050020000";"SECRETARIA MUNICIPAL DE URBANISMO E LICENCIAMENTO";"SUPERVISAO GERAL DE INFORMACAO";"SECAO TECNICA DE INFORMACAO AO MUNICIPE";"INFO-42";"FILHO";"ATIVO"
"370204050010000";"SECRETARIA MUNICIPAL DE URBANISMO E LICENCIAMENTO";"SUPERVISAO GERAL DE INFORMACAO";"SECAO TEC DE INFO A ADMINISTRACAO PUBLICA";"INFO-41";"FILHO";"ATIVO"
"370204050000000";"SECRETARIA MUNICIPAL DE URBANISMO E LICENCIAMENTO";"SUPERVISAO GERAL DE INFORMACAO";"SUPERVISAO DE INFORMACOES";"INFO-4";"FILHO";"ATIVO"
"370204040020000";"SECRETARIA MUNICIPAL DE URBANISMO E LICENCIAMENTO";"SUPERVISAO GERAL DE INFORMACAO";"SECAO TECNICA DE REGULARIDADE";"INFO-32";"FILHO";"ATIVO"
"370204040010000";"SECRETARIA MUNICIPAL DE URBANISMO E LICENCIAMENTO";"SUPERVISAO GERAL DE INFORMACAO";"SECAO TECNICA DE NUMERACAO";"INFO-31";"FILHO";"ATIVO"
"370204040000000";"SECRETARIA MUNICIPAL DE URBANISMO E LICENCIAMENTO";"SUPERVISAO GERAL DE INFORMACAO";"SUPERVISAO DE CADASTRO DE EDIFICACOES";"INFO-3";"FILHO";"ATIVO"
"370204030020000";"SECRETARIA MUNICIPAL DE URBANISMO E LICENCIAMENTO";"SUPERVISAO GERAL DE INFORMACAO";"SECAO TECNICA DE ACERVO";"INFO-22";"FILHO";"ATIVO"
"370204030010000";"SECRETARIA MUNICIPAL DE URBANISMO E LICENCIAMENTO";"SUPERVISAO GERAL DE INFORMACAO";"SECAO TECNICA DE DENOMINACAO DE LOGRADOUROS";"INFO-21";"FILHO";"ATIVO"
"370204030000000";"SECRETARIA MUNICIPAL DE URBANISMO E LICENCIAMENTO";"SUPERVISAO GERAL DE INFORMACAO";"SUPERVISAO DE CADASTRO DE LOGRADOURO";"INFO-2";"FILHO";"ATIVO"
"370204020000000";"SECRETARIA MUNICIPAL DE URBANISMO E LICENCIAMENTO";"SUPERVISAO GERAL DE INFORMACAO";"SUPERVISAO DE INFORMATIZACAO";"INFO-1";"FILHO";"ATIVO"
"370204000000000";"SECRETARIA MUNICIPAL DE URBANISMO E LICENCIAMENTO";"SUPERVISAO GERAL DE INFORMACAO";"SUPERVISAO GERAL DE INFORMACAO";"INFO";"PAI";"ATIVO"
"370202010000000";"SECRETARIA MUNICIPAL DE URBANISMO E LICENCIAMENTO";"UNIDADE DE GESTAO TECNICA DE ANALISE";"SUBCOMISSAO DE ANALISE DE EQUIPAMENTO PUBL SOCIAL";"GTEC.SAEPS";"FILHO";"ATIVO"
"370201000000000";"SECRETARIA MUNICIPAL DE URBANISMO E LICENCIAMENTO";"UNIDADE DE GESTAO TECNICA DE ANALISE";"COMISSAO DE EDIFICACOES E USO DO SOLO";"GTEC.CEUS";"FILHO";"ATIVO"
"370202000000000";"SECRETARIA MUNICIPAL DE URBANISMO E LICENCIAMENTO";"UNIDADE DE GESTAO TECNICA DE ANALISE";"COM ANALISE INTEG DE PROJ  EDIF E DE PARC DO SOLO";"GTEC.CAIPEPS";"FILHO";"ATIVO"
"370203000000000";"SECRETARIA MUNICIPAL DE URBANISMO E LICENCIAMENTO";"UNIDADE DE GESTAO TECNICA DE ANALISE";"COM AVAL EMPREENDIMENTOS HAB DE INTERESSE SOCIAL";"GTEC.CAEHIS";"FILHO";"ATIVO"
"370200010030000";"SECRETARIA MUNICIPAL DE URBANISMO E LICENCIAMENTO";"UNIDADE DE GESTAO TECNICA DE ANALISE";"SECAO TECNICA DE ANALISE 3";"GTEC-3";"FILHO";"ATIVO"
"370200010020000";"SECRETARIA MUNICIPAL DE URBANISMO E LICENCIAMENTO";"UNIDADE DE GESTAO TECNICA DE ANALISE";"SECAO TECNICA DE ANALISE 2";"GTEC-2";"FILHO";"ATIVO"
"370200010010000";"SECRETARIA MUNICIPAL DE URBANISMO E LICENCIAMENTO";"UNIDADE DE GESTAO TECNICA DE ANALISE";"SECAO TECNICA DE ANALISE 1";"GTEC-1";"FILHO";"ATIVO"
"370400010000000";"SECRETARIA MUNICIPAL DE URBANISMO E LICENCIAMENTO";"SECRETARIA EXECUTIVA DE LICENCIAMENTO";"UNIDADE  DE GESTAO TECNICA DE ANALISE DE REGULARIZACAO";"GTEC";"PAI";"ATIVO"
"370303040000000";"SECRETARIA MUNICIPAL DE URBANISMO E LICENCIAMENTO";"COORDENADORIA DE PRODUCAO E ANALISE DE INFORMACAO - GEOINFO";"OBSERVATORIO DE INDICADORES DA CIDADE DE SAO PAULO";"GEOINFO/OBSERVATORIO";"FILHO";"ATIVO"
"370303010000000";"SECRETARIA MUNICIPAL DE URBANISMO E LICENCIAMENTO";"COORDENADORIA DE PRODUCAO E ANALISE DE INFORMACAO - GEOINFO";"DIVISAO DE SISTEMAS DE INFORMACOES GEOGRAFICAS - DSIG";"GEOINFO/DSIG";"FILHO";"ATIVO"
"370303020000000";"SECRETARIA MUNICIPAL DE URBANISMO E LICENCIAMENTO";"COORDENADORIA DE PRODUCAO E ANALISE DE INFORMACAO - GEOINFO";"DIVISAO DE ACERVO E GEOPROCESSAMENTO - DAG";"GEOINFO/DAG";"FILHO";"ATIVO"
"370303030000000";"SECRETARIA MUNICIPAL DE URBANISMO E LICENCIAMENTO";"COORDENADORIA DE PRODUCAO E ANALISE DE INFORMACAO - GEOINFO";"DIVISAO DE ANALISE E DISSEMINACAO - DAD";"GEOINFO/DAD";"FILHO";"ATIVO"
"370303000000000";"SECRETARIA MUNICIPAL DE URBANISMO E LICENCIAMENTO";"SECRETARIA EXECUTIVA DE URBANISMO";"COORDENADORIA DE PRODUCAO E ANALISE DE INFORMACAO - GEOINFO";"GEOINFO";"PAI";"ATIVO"
"1";"SECRETARIA MUNICIPAL DE DESENVOLVIMENTO URBANO";"GABINETE DO SECRETARIO";"GABINETE DO SECRETARIO/TERRITÓRIO CÉU";"GAB/TERRITÓRIO CÉU";"FILHO";"ATIVO"
"370109000000000";"SECRETARIA MUNICIPAL DE DESENVOLVIMENTO URBANO";"GABINETE DO SECRETARIO";"SECRETARIA EXECUTIVA DOS ORGAOS COLEGIADOS";"GAB/SEOC";"FILHO";"ATIVO"
"370212000000000";"SECRETARIA MUNICIPAL DE URBANISMO E LICENCIAMENTO";"GABINETE";"SECRETARIA EXECUTIVA DOS ORGAOS COLEGIADOS";"GAB/SEC";"FILHO";"ATIVO"
"2";"SECRETARIA MUNICIPAL DE DESENVOLVIMENTO URBANO";"GABINETE DO SECRETARIO";"GABINETE DO SECRETARIO/TERRITÓRIO CÉU";"GAB/COMUNICAÇÃO";"FILHO";"ATIVO"
"370101000000000";"SECRETARIA MUNICIPAL DE DESENVOLVIMENTO URBANO";"GABINETE DO SECRETARIO";"CHEFIA DE GABINETE";"GAB/CHEF.GAB.";"FILHO";"ATIVO"
"370103000000000";"SECRETARIA MUNICIPAL DE DESENVOLVIMENTO URBANO";"GABINETE DO SECRETARIO";"ASSESSORIA TECNICA DE PLANEJAMENTO URBANO";"GAB/ATPU";"FILHO";"ATIVO"
"370105000000000";"SECRETARIA MUNICIPAL DE DESENVOLVIMENTO URBANO";"GABINETE DO SECRETARIO";"ASSESSORIA TECNICA DE OPERAÇÃO URBANA";"GAB/ATOU";"FILHO";"ATIVO"
"370104000000000";"SECRETARIA MUNICIPAL DE DESENVOLVIMENTO URBANO";"GABINETE DO SECRETARIO";"ASSESSORIA TECNICA DE DESENVOLVIMENTO URBANO";"GAB/ATDU";"FILHO";"ATIVO"
"370210000000000";"SECRETARIA MUNICIPAL DE URBANISMO E LICENCIAMENTO";"GABINETE";"ASSESSORIA TECNICA E JURIDICA";"GAB/ATAJ";"FILHO";"ATIVO"
"370107000000000";"SECRETARIA MUNICIPAL DE DESENVOLVIMENTO URBANO";"GABINETE DO SECRETARIO";"ASSESSORIA DE RELAÇÕES INSTITUCIONAIS";"GAB/ARI";"FILHO";"ATIVO"
"370106000000000";"SECRETARIA MUNICIPAL DE DESENVOLVIMENTO URBANO";"GABINETE DO SECRETARIO";"ASSESSORIA DE PARTICIPAÇÃO POPULAR E COMUNICAÇÃO";"GAB/APPC";"FILHO";"ATIVO"
"370108000000000";"SECRETARIA MUNICIPAL DE DESENVOLVIMENTO URBANO";"GABINETE DO SECRETARIO";"ASSESSORIA DE PESQUISA APLICADA E FOMENTO";"GAB/APAF";"FILHO";"ATIVO"
"370102000000000";"SECRETARIA MUNICIPAL DE DESENVOLVIMENTO URBANO";"GABINETE DO SECRETARIO";"ASSESSORIA JURIDICA";"GAB/AJ";"FILHO";"ATIVO"
"370211000000000";"SECRETARIA MUNICIPAL DE URBANISMO E LICENCIAMENTO";"GABINETE";"ASSESSORIA DE GESTAO ESTRATEGICA";"GAB/AGE";"FILHO";"ATIVO"
"3";"SECRETARIA MUNICIPAL DE DESENVOLVIMENTO URBANO";"GABINETE DO SECRETARIO";"ASSESSORIA ESPECIAL";"GAB/AE";"FILHO";"ATIVO"
"370100000000000";"SECRETARIA MUNICIPAL DE DESENVOLVIMENTO URBANO";"GABINETE DO SECRETARIO";"GABINETE DO SECRETARIO";"GAB";"PAI";"ATIVO"
"370007001000000";"SECRETARIA MUNICIPAL DE DESENVOLVIMENTO URBANO";"FUNDO DE DESENVOLVIMENTO URBANO";"CONSELHO GESTOR DO FUNDO DE DESENVOLV URBANO";"FUNDURB/CGFDU";"FILHO";"ATIVO"
"370007000000000";"SECRETARIA MUNICIPAL DE DESENVOLVIMENTO URBANO";"FUNDO DE DESENVOLVIMENTO URBANO";"FUNDO DE DESENVOLVIMENTO URBANO";"FUNDURB";"OUTROS";"ATIVO"
"370013001000000";"SECRETARIA MUNICIPAL DE DESENVOLVIMENTO URBANO";"DEPARTAMENTO DE GESTAO DO PATRIMONIO IMOBILIARIO";"GABINETE DO DIRETOR";"DGPI/GAB.DIR.";"FILHO";"ATIVO"
"370013040000000";"SECRETARIA MUNICIPAL DE DESENVOLVIMENTO URBANO";"DEPARTAMENTO DE GESTAO DO PATRIMONIO IMOBILIARIO";"DIVISAO DE ENGENHARIA E FISCALIZAÇÃO";"DGPI/DEF - DGPI-4";"FILHO";"ATIVO"
"370013030000000";"SECRETARIA MUNICIPAL DE DESENVOLVIMENTO URBANO";"DEPARTAMENTO DE GESTAO DO PATRIMONIO IMOBILIARIO";"DIVISAO DE DOCUMENTAÇAO IMOBILIARIA";"DGPI/DDI - DGPI-3";"FILHO";"ATIVO"
"370013010000000";"SECRETARIA MUNICIPAL DE DESENVOLVIMENTO URBANO";"DEPARTAMENTO DE GESTAO DO PATRIMONIO IMOBILIARIO";"DIVISAO DE ANALISE DE PROCESSOS";"DGPI/DAP - DGPI-1";"FILHO";"ATIVO"
"370013020000000";"SECRETARIA MUNICIPAL DE DESENVOLVIMENTO URBANO";"DEPARTAMENTO DE GESTAO DO PATRIMONIO IMOBILIARIO";"DIVISAO DE ADMINISTRACAO DOS IMOVEIS";"DGPI/DAI - DGPI-2";"FILHO";"ATIVO"
"370013000000000";"SECRETARIA MUNICIPAL DE DESENVOLVIMENTO URBANO";"DEPARTAMENTO DE GESTAO DO PATRIMONIO IMOBILIARIO";"DEPARTAMENTO DE GESTAO DO PATRIMONIO IMOBILIARIO";"DGPI";"PAI";"ATIVO"
"370002010000000";"SECRETARIA MUNICIPAL DE DESENVOLVIMENTO URBANO";"DEPARTAMENTO DE USO DO SOLO";"DIVISAO DE SISTEMA DE INFORMAÇOES SOBRE ZONEAMENTO";"DEUSO/SISZON";"FILHO";"ATIVO"
"370002001000000";"SECRETARIA MUNICIPAL DE DESENVOLVIMENTO URBANO";"DEPARTAMENTO DE USO DO SOLO";"GABINETE DO DIRETOR";"DEUSO/GAB.DIR.";"FILHO";"ATIVO"
"370302030000000";"SECRETARIA MUNICIPAL DE URBANISMO E LICENCIAMENTO";"COORDENADORIA DE LEGISLACAO DE USO E OCUPACAO DO SOLO - DEUSO";"DIVISAO DE SISTEMA DE INFORMACOES SOBRE ZONEAMENTO - DSIZ";"DEUSO/DSIZ";"FILHO";"ATIVO"
"370302020000000";"SECRETARIA MUNICIPAL DE DESENVOLVIMENTO URBANO";"COORDENADORIA DE LEGISLACAO DE USO E OCUPACAO DO SOLO";"DIVISAO DE NORMATIZACAO DO USO DO SOLO";"DEUSO/DNUS";"FILHO";"ATIVO"
"370302010000000";"SECRETARIA MUNICIPAL DE DESENVOLVIMENTO URBANO";"COORDENADORIA DE LEGISLACAO DE USO E OCUPACAO DO SOLO";"DIVISAO DE MONITORAMENTO DO USO DO SOLO";"DEUSO/DMUS";"FILHO";"ATIVO"
"370302000000000";"SECRETARIA MUNICIPAL DE DESENVOLVIMENTO URBANO";"SECRETARIA EXECUTIVA DE URBANISMO";"COORDENADORIA DE LEGISLACAO DE USO E OCUPACAO DO SOLO";"DEUSO";"PAI";"ATIVO"
"370001001000000";"SECRETARIA MUNICIPAL DE DESENVOLVIMENTO URBANO";"DEPARTAMENTO DE URBANISMO";"GABINETE DO DIRETOR";"DEURB/GAB.DIR.";"FILHO";"ATIVO"
"370001010000000";"SECRETARIA MUNICIPAL DE DESENVOLVIMENTO URBANO";"DEPARTAMENTO DE URBANISMO";"DIVISÃO DE ORDENAMENTO TERRITORIAL";"DEURB/DOT";"FILHO";"ATIVO"
"370001020000000";"SECRETARIA MUNICIPAL DE DESENVOLVIMENTO URBANO";"DEPARTAMENTO DE URBANISMO";"DIVISÃO DE MONITORAMENTO E AVALIAÇÃO";"DEURB/DMA";"FILHO";"ATIVO"
"370001030000000";"SECRETARIA MUNICIPAL DE DESENVOLVIMENTO URBANO";"DEPARTAMENTO DE URBANISMO";"DIVISÃO DE ARTICULAÇÃO INTERSETORIAL";"DEURB/DAI";"FILHO";"ATIVO"
"370001000000000";"SECRETARIA MUNICIPAL DE DESENVOLVIMENTO URBANO";"DEPARTAMENTO DE URBANISMO";"DEPARTAMENTO DE URBANISMO";"DEURB";"PAI";"ATIVO"
"370003001000000";"SECRETARIA MUNICIPAL DE DESENVOLVIMENTO URBANO";"DEPTO DE PRODUÇÃO E ANALISE DA  INFORMAÇÃO";"GABINETE DO DIRETOR";"DEINFO/GAB.DIR.";"FILHO";"ATIVO"
"370003030000000";"SECRETARIA MUNICIPAL DE DESENVOLVIMENTO URBANO";"DEPTO DE PRODUÇÃO E ANALISE DA  INFORMAÇÃO";"DIVISÃO DE SISTEMA DE INFORMAÇÕES GEOGRAFICAS";"DEINFO/DSIG";"FILHO";"ATIVO"
"370003010000000";"SECRETARIA MUNICIPAL DE DESENVOLVIMENTO URBANO";"DEPTO DE PRODUÇÃO E ANALISE DA  INFORMAÇÃO";"DIVISAO DE PRODUÇÃO E GEOPROCESSAMENTO";"DEINFO/DPGEO";"FILHO";"ATIVO"
"370003020000000";"SECRETARIA MUNICIPAL DE DESENVOLVIMENTO URBANO";"DEPTO DE PRODUÇÃO E ANALISE DA  INFORMAÇÃO";"DIVISÃO DE ANALISE E DISSEMINAÇÃO";"DEINFO/DAD";"FILHO";"ATIVO"
"370003000000000";"SECRETARIA MUNICIPAL DE DESENVOLVIMENTO URBANO";"DEPTO DE PRODUÇÃO E ANALISE DA  INFORMAÇÃO";"DEPTO DE PRODUÇÃO E ANALISE DA  INFORMAÇÃO";"DEINFO";"PAI";"ATIVO"
"370010001000000";"SECRETARIA MUNICIPAL DE DESENVOLVIMENTO URBANO";"DEPTO DE CONTROLE DA FUNÇÃO SOCIAL DA PROPRIEDADE";"GABINETE DO DIRETOR";"DCFSP/GAB.DIR.";"FILHO";"ATIVO"
"370010020000000";"SECRETARIA MUNICIPAL DE DESENVOLVIMENTO URBANO";"DEPTO DE CONTROLE DA FUNÇÃO SOCIAL DA PROPRIEDADE";"DIVISÃO DE TECNOLOGIA DA INFORMAÇÃO";"DCFSP/DTI";"FILHO";"ATIVO"
"370010040000000";"SECRETARIA MUNICIPAL DE DESENVOLVIMENTO URBANO";"DEPTO DE CONTROLE DA FUNÇÃO SOCIAL DA PROPRIEDADE";"DIVISÃO DE AVALIAÇÃO";"DCFSP/DAV";"FILHO";"ATIVO"
"370010030000000";"SECRETARIA MUNICIPAL DE DESENVOLVIMENTO URBANO";"DEPTO DE CONTROLE DA FUNÇÃO SOCIAL DA PROPRIEDADE";"DIVISÃO DE ACOMPANHAMENTO DE NOTIFICAÇÕES";"DCFSP/DAN";"FILHO";"ATIVO"
"370010010000000";"SECRETARIA MUNICIPAL DE DESENVOLVIMENTO URBANO";"DEPTO DE CONTROLE DA FUNÇÃO SOCIAL DA PROPRIEDADE";"DIVISÃO DE ASSUNTOS JURIDICOS";"DCFSP/DAJ";"FILHO";"ATIVO"
"370010000100000";"SECRETARIA MUNICIPAL DE DESENVOLVIMENTO URBANO";"DEPTO DE CONTROLE DA FUNÇÃO SOCIAL DA PROPRIEDADE";"CENTRO DE DOCUMENTAÇÃO";"DCFSP/CD";"FILHO";"ATIVO"
"370010000000000";"SECRETARIA MUNICIPAL DE DESENVOLVIMENTO URBANO";"DEPTO DE CONTROLE DA FUNÇÃO SOCIAL DA PROPRIEDADE";"DEPTO DE CONTROLE DA FUNÇÃO SOCIAL DA PROPRIEDADE";"DCFSP";"PAI";"ATIVO"
"370006000000000";"SECRETARIA MUNICIPAL DE DESENVOLVIMENTO URBANO";"CAMARA TECNICA DE LEGISLAÇÃO URBANISTICA";"CAMARA TECNICA DE LEGISLAÇÃO URBANISTICA";"CTLU";"OUTROS";"ATIVO"
"370012000000000";"SECRETARIA MUNICIPAL DE DESENVOLVIMENTO URBANO";"COMISSÃO DE PROTEÇÃO A PAISAGEM URBANA";"COMISSÃO DE PROTEÇÃO A PAISAGEM URBANA";"CPPU";"OUTROS";"ATIVO"
"370008000000000";"SECRETARIA MUNICIPAL DE DESENVOLVIMENTO URBANO";"COMISSAO PATRIMONIO IMOBILIARIO MUN SAO PAULO";"COMISSAO PATRIMONIO IMOBILIARIO MUN SAO PAULO";"CPIMSP";"OUTROS";"ATIVO"
"370402010000000";"SECRETARIA MUNICIPAL DE URBANISMO E LICENCIAMENTO";"COORDENADORIA DE EDIFICACAO DE USO COMERCIAL E INDUSTRIAL - COMIN";"DIVISAO DE USO COMERCIAL E INDUSTRIAL DE PEQUENO E MEDIO PORTE - DCIMP";"COMIN/DCIMP";"FILHO";"ATIVO"
"370402020000000";"SECRETARIA MUNICIPAL DE URBANISMO E LICENCIAMENTO";"COORDENADORIA DE EDIFICACAO DE USO COMERCIAL E INDUSTRIAL - COMIN";"DIVISAO DE USO COMERCIAL E INDUSTRIAL DE GRANDE PORTE - DCIGP";"COMIN/DCIGP";"FILHO";"ATIVO"
"370240020000000";"SECRETARIA MUNICIPAL DE URBANISMO E LICENCIAMENTO";"COORD DE EDIFICACAO DE USO COMERCIAL E INDUSTRIAL";"SECAO TECNICA DE PROGRAMACAO E VISTORIA";"COMIN.STPV";"FILHO";"ATIVO"
"370240010000000";"SECRETARIA MUNICIPAL DE URBANISMO E LICENCIAMENTO";"COORD DE EDIFICACAO DE USO COMERCIAL E INDUSTRIAL";"GABINETE DO COORDENADOR";"COMIN.G";"FILHO";"ATIVO"
"370240050020000";"SECRETARIA MUNICIPAL DE URBANISMO E LICENCIAMENTO";"COORD DE EDIFICACAO DE USO COMERCIAL E INDUSTRIAL";"SECAO TECNICA DE USO INDUSTRIAL DE GRANDE PORTE";"COMIN.32";"FILHO";"ATIVO"
"370240050010000";"SECRETARIA MUNICIPAL DE URBANISMO E LICENCIAMENTO";"COORD DE EDIFICACAO DE USO COMERCIAL E INDUSTRIAL";"SECAO TECNICA DE USO COMERCIAL DE GRANDE PORTE";"COMIN.31";"FILHO";"ATIVO"
"370240050000000";"SECRETARIA MUNICIPAL DE URBANISMO E LICENCIAMENTO";"COORD DE EDIFICACAO DE USO COMERCIAL E INDUSTRIAL";"DIVISAO TEC  EDIF DE USO COM E IND DE GRANDE PORTE";"COMIN.3";"FILHO";"ATIVO"
"370240040020000";"SECRETARIA MUNICIPAL DE URBANISMO E LICENCIAMENTO";"COORD DE EDIFICACAO DE USO COMERCIAL E INDUSTRIAL";"SECAO TECNICA DE EDIFICACAO DE USO INDUSTRIAL";"COMIN.22";"FILHO";"ATIVO"
"370240040010000";"SECRETARIA MUNICIPAL DE URBANISMO E LICENCIAMENTO";"COORD DE EDIFICACAO DE USO COMERCIAL E INDUSTRIAL";"SEC TEC DE EDIFICACAO DE USO INDUSTRIAL INCOMODO";"COMIN.21";"FILHO";"ATIVO"
"370240040000000";"SECRETARIA MUNICIPAL DE URBANISMO E LICENCIAMENTO";"COORD DE EDIFICACAO DE USO COMERCIAL E INDUSTRIAL";"DIVISAO TECNICA DE EDIFICACAO DE USO INDUSTRIAL";"COMIN.2";"FILHO";"ATIVO"
"370240030020000";"SECRETARIA MUNICIPAL DE URBANISMO E LICENCIAMENTO";"COORD DE EDIFICACAO DE USO COMERCIAL E INDUSTRIAL";"SECAO TECNICA DE EDIFICACAO DE USO COMERCIAL";"COMIN.12";"FILHO";"ATIVO"
"370240030010000";"SECRETARIA MUNICIPAL DE URBANISMO E LICENCIAMENTO";"COORD DE EDIFICACAO DE USO COMERCIAL E INDUSTRIAL";"SECAO TECNICA DE DEPOSITOS";"COMIN.11";"FILHO";"ATIVO"
"370240030000000";"SECRETARIA MUNICIPAL DE URBANISMO E LICENCIAMENTO";"COORD DE EDIFICACAO DE USO COMERCIAL E INDUSTRIAL";"DIVISAO TECNICA DE EDIFICACAO DE USO COMERCIAL";"COMIN.1";"FILHO";"ATIVO"
"370402000000000";"SECRETARIA MUNICIPAL DE URBANISMO E LICENCIAMENTO";"SECRETARIA EXECUTIVA DE LICENCIAMENTO";"COORDENADORIA DE EDIFICACAO DE USO COMERCIAL E INDUSTRIAL";"COMIN";"PAI";"ATIVO"
"370005000000000";"SECRETARIA MUNICIPAL DE DESENVOLVIMENTO URBANO";"CONSELHO MUNICIPAL DE POLITICA URBANA";"CONSELHO MUNICIPAL DE POLITICA URBANA";"CMPU";"OUTROS";"ATIVO"
"290800000000000";"SECRETARIA MUNICIPAL DE URBANISMO E LICENCIAMENTO";"CGPATRI";"CGPATRI";"CGPATRI";"PAI";"ATIVO"
"370304020000000";"SECRETARIA MUNICIPAL DE URBANISMO E LICENCIAMENTO";"COORDENADORIA DE CONTROLE DA FUNCAO SOCIAL DA PROPRIEDADE - CEPEUC";"DIVISAO DE VISTORIA E FISCALIZACAO - DVF";"CEPEUC/DVF";"FILHO";"ATIVO"
"370304030000000";"SECRETARIA MUNICIPAL DE URBANISMO E LICENCIAMENTO";"COORDENADORIA DE CONTROLE DA FUNCAO SOCIAL DA PROPRIEDADE - CEPEUC";"DIVISAO DE ANALISE DOCUMENTAL - DDOC";"CEPEUC/DDOC";"FILHO";"ATIVO"
"370304010000000";"SECRETARIA MUNICIPAL DE URBANISMO E LICENCIAMENTO";"COORDENADORIA DE CONTROLE DA FUNCAO SOCIAL DA PROPRIEDADE - CEPEUC";"DIVISAO DE CADASTRO E INFORMACOES TERRITORIAIS - DCIT";"CEPEUC/DCIT";"FILHO";"ATIVO"
"370304000000000";"SECRETARIA MUNICIPAL DE URBANISMO E LICENCIAMENTO";"SECRETARIA EXECUTIVA DE URBANISMO";"COORDENADORIA DE CONTROLE DA FUNCAO SOCIAL DA PROPRIEDADE - CEPEUC";"CEPEUC";"PAI";"ATIVO"
"370406010000000";"SECRETARIA MUNICIPAL DE URBANISMO E LICENCIAMENTO";"COORDENADORIA DE CADASTRO E SISTEMA ELETRONICO DE LICENCIAMENTO - CASE";"SUPERVISAO DE LICENCIAMENTO ELETRONICO - STEL";"CASE/STEL";"FILHO";"ATIVO"
"370406030000000";"SECRETARIA MUNICIPAL DE URBANISMO E LICENCIAMENTO";"COORDENADORIA DE CADASTRO E SISTEMA ELETRONICO DE LICENCIAMENTO - CASE";"DIVISAO DE LOGRADOUROS E EDIFICACOES - DLE";"CASE/DLE";"FILHO";"ATIVO"
"370406040000000";"SECRETARIA MUNICIPAL DE URBANISMO E LICENCIAMENTO";"COORDENADORIA DE CADASTRO E SISTEMA ELETRONICO DE LICENCIAMENTO - CASE";"DIVISAO DE DADOS URBANISTICOS - DDU";"CASE/DDU";"FILHO";"ATIVO"
"370406020000000";"SECRETARIA MUNICIPAL DE URBANISMO E LICENCIAMENTO";"COORDENADORIA DE CADASTRO E SISTEMA ELETRONICO DE LICENCIAMENTO - CASE";"DIVISAO DE CADASTRO - DCAD";"CASE/DCAD";"FILHO";"ATIVO"
"370406000000000";"SECRETARIA MUNICIPAL DE URBANISMO E LICENCIAMENTO";"SECRETARIA EXECUTIVA DE LICENCIAMENTO";"COORDENADORIA DE CADASTRO E SISTEMA ELETRONICO DE LICENCIAMENTO - CASE";"CASE";"PAI";"ATIVO"
"370011030000000";"SECRETARIA MUNICIPAL DE URBANISMO E LICENCIAMENTO";"COORDENADORIA DE ATENDIMENTO AO PUBLICO - CAP";"DIVISAO DE PROCESSOS DEFERIDOS - DPD";"CAP/DPD";"FILHO";"ATIVO"
"370011020000000";"SECRETARIA MUNICIPAL DE URBANISMO E LICENCIAMENTO";"COORDENADORIA DE ATENDIMENTO AO PUBLICO - CAP";"DIVISAO DE PROCESSOS COMUNICADOS E INDEFERIDOS - DPCI";"CAP/DPCI";"FILHO";"ATIVO"
"370011010000000";"SECRETARIA MUNICIPAL DE URBANISMO E LICENCIAMENTO";"COORDENADORIA DE ATENDIMENTO AO PUBLICO - CAP";"DIVISAO DE PROTOCOLO - DEPROT";"CAP/DEPROT";"FILHO";"ATIVO"
"370011000000000";"SECRETARIA MUNICIPAL DE URBANISMO E LICENCIAMENTO";"SECRETARIA MUNICIPAL DE URBANISMO E LICENCIAMENTO - SMUL";"COORDENADORIA DE ATENDIMENTO AO PUBLICO - CAP";"CAP";"PAI";"ATIVO"
"370004040000000";"SECRETARIA MUNICIPAL DE DESENVOLVIMENTO URBANO";"COORDENADORIA DE ADMINISTRAÇÃO E FINANÇAS";"SUPERVISÃO DE TECNOLOGIA DA INFORMAÇÃO";"CAF/STI";"FILHO";"ATIVO"
"370004060000000";"SECRETARIA MUNICIPAL DE DESENVOLVIMENTO URBANO";"COORDENADORIA DE ADMINISTRAÇÃO E FINANÇAS";"SUPERVISAO DE GESTAO DE RECURSOS VINCULADOS";"CAF/SGRV";"FILHO";"ATIVO"
"370004010000000";"SECRETARIA MUNICIPAL DE DESENVOLVIMENTO URBANO";"COORDENADORIA DE ADMINISTRAÇÃO E FINANÇAS";"SUPERVISAO DE GESTÃO DE PESSOAS";"CAF/SGP";"FILHO";"ATIVO"
"370004020000000";"SECRETARIA MUNICIPAL DE DESENVOLVIMENTO URBANO";"COORDENADORIA DE ADMINISTRAÇÃO E FINANÇAS";"SUPERVISÃO DE FINANÇAS";"CAF/SF";"FILHO";"ATIVO"
"370004030000000";"SECRETARIA MUNICIPAL DE DESENVOLVIMENTO URBANO";"COORDENADORIA DE ADMINISTRAÇÃO E FINANÇAS";"SUPERVISÃO DE ADMINISTRAÇÃO";"CAF/SAD";"FILHO";"ATIVO"
"370004001000000";"SECRETARIA MUNICIPAL DE DESENVOLVIMENTO URBANO";"COORDENADORIA DE ADMINISTRAÇÃO E FINANÇAS";"GABINETE DO COORDENADOR";"CAF/GAB.COORD.";"FILHO";"ATIVO"
"370004070000000";"SECRETARIA MUNICIPAL DE URBANISMO E LICENCIAMENTO";"COORDENADORIA DE ADMINISTRACAO E FINANCAS - CAF";"DIVISAO DE SERVICOS DE SUPORTE - DSUP";"CAF/DSUP";"FILHO";"ATIVO"
"370004060000000";"SECRETARIA MUNICIPAL DE URBANISMO E LICENCIAMENTO";"COORDENADORIA DE ADMINISTRACAO E FINANCAS - CAF";"DIVISAO DE GESTAO DE RECURSOS VINCULADOS - DRV";"CAF/DRV";"FILHO";"ATIVO"
"370004020000000";"SECRETARIA MUNICIPAL DE URBANISMO E LICENCIAMENTO";"COORDENADORIA DE ADMINISTRACAO E FINANCAS - CAF";"DIVISAO DE ORCAMENTO E FINANCAS - DOF";"CAF/DOF";"FILHO";"ATIVO"
"370004010000000";"SECRETARIA MUNICIPAL DE URBANISMO E LICENCIAMENTO";"COORDENADORIA DE ADMINISTRACAO E FINANCAS - CAF";"DIVISAO DE GESTAO DE PESSOAS - DGP";"CAF/DGP";"FILHO";"ATIVO"
"370004030000000";"SECRETARIA MUNICIPAL DE URBANISMO E LICENCIAMENTO";"COORDENADORIA DE ADMINISTRACAO E FINANCAS - CAF";"DIVISAO DE CONTRATOS E LICITACOES - DCL";"CAF/DCL";"FILHO";"ATIVO"
"370004050000000";"SECRETARIA MUNICIPAL DE DESENVOLVIMENTO URBANO";"COORDENADORIA DE ADMINISTRAÇÃO E FINANÇAS";"CENTRO DE DOCUMENTAÇÃO E DIFUSÃO";"CAF/CDD";"FILHO";"ATIVO"
"370004000000000";"SECRETARIA MUNICIPAL DE DESENVOLVIMENTO URBANO";"COORDENADORIA DE ADMINISTRAÇÃO E FINANÇAS";"COORDENADORIA DE ADMINISTRAÇÃO E FINANÇAS";"CAF";"PAI";"ATIVO"
"370110000000000";"SECRETARIA MUNICIPAL DE URBANISMO E LICENCIAMENTO";"GABINETE DO SECRETARIO - GAB SMUL";"ASSESSORIA TECNICA DE URBANISMO - ATU";"ATU";"FILHO";"ATIVO"
"370116000000000";"SECRETARIA MUNICIPAL DE URBANISMO E LICENCIAMENTO";"GABINETE DO SECRETARIO - GAB SMUL";"ASSESSORIA DE TECNOLOGIA DA INFORMACAO E COMUNICACAO - ATIC";"ATIC";"FILHO";"ATIVO"
"370111000000000";"SECRETARIA MUNICIPAL DE URBANISMO E LICENCIAMENTO";"GABINETE DO SECRETARIO - GAB SMUL";"ASSESSORIA TECNICA DE LICENCIAMENTO - ATEL";"ATEL";"FILHO";"ATIVO"
"370114000000000";"SECRETARIA MUNICIPAL DE URBANISMO E LICENCIAMENTO";"GABINETE DO SECRETARIO - GAB SMUL";"ASSESSORIA DE COMISSOES TECNICAS DE LICENCIAMENTO - ASSEC";"ASSEC";"FILHO";"ATIVO"
"370113000000000";"SECRETARIA MUNICIPAL DE URBANISMO E LICENCIAMENTO";"GABINETE DO SECRETARIO - GAB SMUL";"ASSESSORIA DE COMUNICACAO - ASCOM";"ASCOM";"FILHO";"ATIVO"
"370000000000028";"SECRETARIA MUNICIPAL DE DESENVOLVIMENTO URBANO";"APOSENTADOS SMDU";"APOSENTADOS SMDU";"APOSENTADOS";"APOSENTADO";"ATIVO"
"370115000000000";"SECRETARIA MUNICIPAL DE URBANISMO E LICENCIAMENTO";"GABINETE DO SECRETARIO - GAB SMUL";"ASSESSORIA DOS COLEGIADOS DE URBANISMO - AOC";"AOC";"FILHO";"ATIVO"
"370112000000000";"SECRETARIA MUNICIPAL DE URBANISMO E LICENCIAMENTO";"GABINETE DO SECRETARIO - GAB SMUL";"ASSESSORIA JURIDICA - AJ";"AJ";"FILHO";"ATIVO"
